Page;VisualID;HtmlTagName;HtmlCpOp;ModelTagName;ParameterName;ModelTagName_1;ParameterName_1;ModelTagName_2;ParameterName_2
Rotterdam_OVW1;DataAck;27FS143;;T_27FS143;Value;;;;
Rotterdam_1oo3;DataAck;27FS230;;27FC230;PV;;;;
Rotterdam_1oo3;DataAck;27FI288A;;T_27FI288A;Value;;;;
Rotterdam_OVW1;DataAck;27LS118;;T_27LS118;Value;;;;
Rotterdam_1oo3;DataAck;27FI137B;;T_27FI137B;Value;;;;
Rotterdam_1oo3;DataAck;27FI137C;;T_27FI137C;Value;;;;
Rotterdam_1oo3;DataAck;27FI143B;;T_27FI143B;Value;;;;
Rotterdam_1oo3;DataAck;27FY143;;T_27FY143;Value;;;;
Rotterdam_1oo3;DataAck;27FI143C;;T_27FI143C;Value;;;;
Rotterdam_1oo3;DataAck;27FI143A;;T_27FI143A;Value;;;;
Rotterdam_OVW1;DataAck;27FS137;;T_27FS137;Value;;;;
Rotterdam_1oo3;DataAck;27FI137A;;T_27FI137A;Value;;;;
Rotterdam_1oo3;DataAck;27FY137;;T_27FY137;Value;;;;
Rotterdam_1oo3;DataAck;27FI230B;;T_27FI230B;Value;;;;
Rotterdam_1oo3;DataAck;27FY230;;T_27FY230;Value;;;;
Rotterdam_1oo3;DataAck;27FI230C;;T_27FI230C;Value;;;;
Rotterdam_1oo3;DataAck;27FI230A;;T_27FI230A;Value;;;;
Rotterdam_1oo3;DataAck;27FI288B;;T_27FI288B;Value;;;;
Rotterdam_1oo3;DataAck;27FY288;;T_27FY288;Value;;;;
Rotterdam_1oo3;DataAck;27FI288C;;T_27FI288C;Value;;;;
Rotterdam_1oo3;DataAck;27FS288;;27FC288;PV;;;;
Rotterdam_1oo3;DataAck;27LI118B;;T_27LI118B;Value;;;;
Rotterdam_1oo3;DataAck;27LY118;;T_27LY118;Value;;;;
Rotterdam_1oo3;DataAck;27LI118C;;T_27LI118C;Value;;;;
Rotterdam_1oo3;DataAck;27LI118A;;T_27LI118A;Value;;;;
Rotterdam_OVW1;DataAck;27LS194;;T_27LS194;Value;;;;
Rotterdam_1oo3;DataAck;27LI194B;;T_27LI194B;Value;;;;
Rotterdam_1oo3;DataAck;27LY194;;T_27LY194;Value;;;;
Rotterdam_1oo3;DataAck;27LI194C;;T_27LI194C;Value;;;;
Rotterdam_1oo3;DataAck;27LI194A;;T_27LI194A;Value;;;;
Rotterdam_OVW1;DataAck;27LS213;;T_27LS213;Value;;;;
Rotterdam_1oo3;DataAck;27LI213B;;T_27LI213B;Value;;;;
Rotterdam_1oo3;DataAck;27LY213;;T_27LY213;Value;;;;
Rotterdam_1oo3;DataAck;27LI213C;;T_27LI213C;Value;;;;
Rotterdam_1oo3;DataAck;27LI213A;;T_27LI213A;Value;;;;
Rotterdam_OVW1;DataAck;27LS217;;T_27LS217;Value;;;;
Rotterdam_1oo3;DataAck;27LI217B;;T_27LI217B;Value;;;;
Rotterdam_1oo3;DataAck;27LY217;;T_27LY217;Value;;;;
Rotterdam_1oo3;DataAck;27LI217C;;T_27LI217C;Value;;;;
Rotterdam_1oo3;DataAck;27LI217A;;T_27LI217A;Value;;;;
Rotterdam_1oo3;DataAck;27LS232;;27LC232;PV;;;;
Rotterdam_1oo3;DataAck;27LI232B;;T_27LI232B;Value;;;;
Rotterdam_1oo3;DataAck;27LY232;;T_27LY232;Value;;;;
Rotterdam_1oo3;DataAck;27LI232C;;T_27LI232C;Value;;;;
Rotterdam_1oo3;DataAck;27LI232A;;T_27LI232A;Value;;;;
Rotterdam_1oo3;DataAck;27LS327;;27LC327;PV;;;;
Rotterdam_1oo3;DataAck;27LS392;;27LC392;PV;;;;
Rotterdam_1oo3;DataAck;27PI172A;;T_27PI172A;Value;;;;
Rotterdam_1oo3;DataAck;27PS247;;27PC247A;PV;;;;
Rotterdam_1oo3;DataAck;27LI327B;;T_27LI327B;Value;;;;
Rotterdam_1oo3;DataAck;27LY327;;T_27LY327;Value;;;;
Rotterdam_1oo3;DataAck;27LI327C;;T_27LI327C;Value;;;;
Rotterdam_1oo3;DataAck;27LI327A;;T_27LI327A;Value;;;;
Rotterdam_1oo3;DataAck;27LI392B;;T_27LI392B;Value;;;;
Rotterdam_1oo3;DataAck;27LY392;;T_27LY392;Value;;;;
Rotterdam_1oo3;DataAck;27LI392C;;T_27LI392C;Value;;;;
Rotterdam_1oo3;DataAck;27LI392A;;T_27LI392A;Value;;;;
Rotterdam_1oo3;DataAck;27PI172B;;T_27PI172B;Value;;;;
Rotterdam_1oo3;DataAck;27PY172;;T_27PY172;Value;;;;
Rotterdam_1oo3;DataAck;27PI172C;;T_27PI172C;Value;;;;
Rotterdam_1oo3;DataAck;27PS172;;27PC172;PV;;;;
Rotterdam_1oo3;DataAck;27PI247B;;T_27PI247B;Value;;;;
Rotterdam_1oo3;DataAck;27PY247;;T_27PY247;Value;;;;
Rotterdam_1oo3;DataAck;27PI247C;;T_27PI247C;Value;;;;
Rotterdam_1oo3;DataAck;27PI247A;;T_27PI247A;Value;;;;
Rotterdam_1oo3;DataAck;27PS378;;27PC378;PV;;;;
Rotterdam_1oo3;DataAck;27PI378B;;T_27PI378B;Value;;;;
Rotterdam_1oo3;DataAck;27PY378;;T_27PY378;Value;;;;
Rotterdam_1oo3;DataAck;27PI378C;;T_27PI378C;Value;;;;
Rotterdam_1oo3;DataAck;27PI378A;;T_27PI378A;Value;;;;
Rotterdam_1oo3;DataAck;27PS419;;27PC419;PV;;;;
Rotterdam_1oo3;DataAck;27PI419B;;T_27PI419B;Value;;;;
Rotterdam_1oo3;DataAck;27PY419;;T_27PY419;Value;;;;
Rotterdam_1oo3;DataAck;27PI419C;;T_27PI419C;Value;;;;
Rotterdam_1oo3;DataAck;27PI419A;;T_27PI419A;Value;;;;
Rotterdam_1oo3;DataAck;27PS545;;27HS_1527;PV;;;;
Rotterdam_1oo3;DataAck;27PI545B;;T_27PI545B;Value;;;;
Rotterdam_1oo3;DataAck;27PY545;;T_27PY545;Value;;;;
Rotterdam_1oo3;DataAck;27PI545C;;T_27PI545C;Value;;;;
Rotterdam_1oo3;DataAck;27PI545A;;T_27PI545A;Value;;;;
Rotterdam_1oo3;DataAck;27LS244;;27LC244;PV;;;;
Rotterdam_1oo3;DataAck;27LI244B;;T_27LI244B;Value;;;;
Rotterdam_1oo3;DataAck;27LY244;;T_27LY244;Value;;;;
Rotterdam_1oo3;DataAck;27LI244C;;T_27LI244C;Value;;;;
Rotterdam_1oo3;DataAck;27LI244A;;T_27LI244A;Value;;;;
Rotterdam_1oo3;DataAck;27LI317A;;T_27LI317A;Value;;;;
Rotterdam_1oo3;DataAck;27LI206B;;T_27LI206B;Value;;;;
Rotterdam_1oo3;DataAck;27LY206;;T_27LY206;Value;;;;
Rotterdam_1oo3;DataAck;27LI307B;;T_27LI307B;Value;;;;
Rotterdam_1oo3;DataAck;27LY307;;T_27LY307;Value;;;;
Rotterdam_1oo3;DataAck;27LI307A;;T_27LI307A;Value;;;;
Rotterdam_1oo3;DataAck;27LI206A;;T_27LI206A;Value;;;;
Rotterdam_1oo3;DataAck;27LI315B;;T_27LI315B;Value;;;;
Rotterdam_1oo3;DataAck;27LY315;;T_27LY315;Value;;;;
Rotterdam_1oo3;DataAck;27LI315A;;T_27LI315A;Value;;;;
Rotterdam_1oo3;DataAck;27LI317B;;T_27LI317B;Value;;;;
Rotterdam_1oo3;DataAck;27LY317;;T_27LY317;Value;;;;
Rotterdam_1oo3;DataAck;27FI372B;;T_27FI372B;Value;;;;
Rotterdam_1oo3;DataAck;27FY372;;T_27FY372;Value;;;;
Rotterdam_1oo3;DataAck;27FI372A;;T_27FI372A;Value;;;;
Rotterdam_1oo3;DataAck;27LI374B;;T_27LI374B;Value;;;;
Rotterdam_1oo3;DataAck;27LY374;;T_27LY374;Value;;;;
Rotterdam_1oo3;DataAck;27LI374A;;T_27LI374A;Value;;;;
Rotterdam_1oo3;DataAck;27LI375B;;T_27LI375B;Value;;;;
Rotterdam_1oo3;DataAck;27LY375;;T_27LY375;Value;;;;
Rotterdam_1oo3;DataAck;27LI375A;;T_27LI375A;Value;;;;
Rotterdam_1oo3;DataAck;27LI407B;;T_27LI407B;Value;;;;
Rotterdam_1oo3;DataAck;27LY407;;T_27LY407;Value;;;;
Rotterdam_1oo3;DataAck;27LI407A;;T_27LI407A;Value;;;;
Rotterdam_AUX1;DataAck;27TI621;;T_27TI621;Value;;;;
Rotterdam_AUX1;DataAck;27FI522;;T_27FI522;Value;;;;
Rotterdam_AUX1;DataAck;27II573;;T_27II573;Value;;;;
Rotterdam_AUX1;DataAck;27TI526;;T_27TI526;Value;;;;
Rotterdam_AUX1;DataAck;27SI524;;T_27SI524;Value;;;;
Rotterdam_AUX1;DataAck;27SI525;;T_27SI525;Value;;;;
Rotterdam_AUX2;DataAck;27TI561;;T_27TI561;Value;;;;
Rotterdam_AUX2;DataAck;27TI505;;T_27TI505;Value;;;;
Rotterdam_AUX2;DataAck;27LI502;;T_27LI502;Value;;;;
Rotterdam_AUX2;DataAck;27PI547;;T_27PI547;Value;;;;
Rotterdam_AUX2;DataAck;27PI501;;T_27PI501;Value;;;;
Rotterdam_AUX2;DataAck;27TI499;;T_27TI499;Value;;;;
Rotterdam_AUX2;DataAck;27TI498;;T_27TI498;Value;;;;
Rotterdam_AUX2;DataAck;27TI497;;T_27TI497;Value;;;;
Rotterdam_AUX2;DataAck;27PI542;;T_27PI542;Value;;;;
Rotterdam_AUX2;DataAck;27PDI550;;T_27PDI550;Value;;;;
Rotterdam_AUX2;DataAck;27PI540;;T_27PI540;Value;;;;
Rotterdam_AUX2;DataAck;27TI548;;T_27TI548;Value;;;;
Rotterdam_AUX2;DataAck;27TI564;;T_27TI564;Value;;;;
Rotterdam_AUX2;DataAck;27TI567;;T_27TI567;Value;;;;
Rotterdam_AUX2;DataAck;27TI570;;T_27TI570;Value;;;;
Rotterdam_AUX2;DataAck;27LI544;;T_27LI544;Value;;;;
Rotterdam_AUX2;DataAck;27LI560;;T_27LI560;Value;;;;
Rotterdam_AUX2;DataAck;27PY542;;T_27PY542;Value;;;;
Rotterdam_AUX2;DataAck;27KI575;;T_27KI575;Value;;;;
Rotterdam_AUX2;DataAck;27KI576;;T_27KI576;Value;;;;
Rotterdam_OVW1;DataAck;27FI220;;T_27FI220;Value;;;;
Rotterdam_OVW1;DataAck;27PI221;;T_27PI221;Value;;;;
Rotterdam_OVW1;DataAck;27TI242;;T_27TI242;Value;;;;
Rotterdam_CHP;DataAck;27TI229;;T_27TI229;Value;;;;
Rotterdam_OVW1;DataAck;27PI216;;T_27PI216;Value;;;;
Rotterdam_CHP;DataAck;27FY213;;T_27FY213;Value;;;;
Rotterdam_CHP;DataAck;27FI650;;T_27FI650;Value;;;;
Rotterdam_CHP;DataAck;27FI388;;T_27FI388;Value;;;;
Rotterdam_CMP;DataAck;27FI245;;T_27FI245;Value;;;;
Rotterdam_CMP;DataAck;27TI246;;T_27TI246;Value;;;;
Rotterdam_CMP;DataAck;27PI489;;T_27PI489;Value;;;;
Rotterdam_CMP;DataAck;27PI487;;T_27PI487;Value;;;;
Rotterdam_CMP;DataAck;27PI490;;T_27PI490;Value;;;;
Rotterdam_CMP;DataAck;27PI488;;T_27PI488;Value;;;;
Rotterdam_CMP;DataAck;27TI494;;T_27TI494;Value;;;;
Rotterdam_CMP;DataAck;27PI252;;T_27PI252;Value;;;;
Rotterdam_CMP;DataAck;27TI251;;T_27TI251;Value;;;;
Rotterdam_CMP;DataAck;27FI253;;T_27FI253;Value;;;;
Rotterdam_CMP;DataAck;27FY9005;;T_27FY9005;Value;;;;
Rotterdam_OVW1;DataAck;27PI195;;T_27PI195;Value;;;;
Rotterdam_CMP;DataAck;27TI196;;T_27TI196;Value;;;;
Rotterdam_CMP;DataAck;27FI248;;T_27FI248;Value;;;;
Rotterdam_CMP;DataAck;27AI250;;T_27AI250;Value;;;;
Rotterdam_CMP;DataAck;27TI496;;T_27TI496;Value;;;;
Rotterdam_CMP;DataAck;27FI254;;T_27FI254;Value;;;;
Rotterdam_CMP;DataAck;27TI198;;T_27TI198;Value;;;;
Rotterdam_CMP;DataAck;27TI255;;T_27TI255;Value;;;;
Rotterdam_OVW1;DataAck;27TI197;;T_27TI197;Value;;;;
Rotterdam_OVW1;DataAck;27PI260;;T_27PI260;Value;;;;
Rotterdam_CMP;DataAck;27LI491A;;T_27LI491A;Value;;;;
Rotterdam_CMP;DataAck;27LI491B;;T_27LI491B;Value;;;;
Rotterdam_CMP;DataAck;27LI492A;;T_27LI492A;Value;;;;
Rotterdam_CMP;DataAck;27LI492B;;T_27LI492B;Value;;;;
Rotterdam_CMP;DataAck;27PI261;;T_27PI261;Value;;;;
Rotterdam_CMP;DataAck;27TI495;;T_27TI495;Value;;;;
Rotterdam_CMP;DataAck;27TI493;;T_27TI493;Value;;;;
Rotterdam_CMP;DataAck;27KI440C;;T_27KI440C;Value;;;;
Rotterdam_CMP;DataAck;27KI440B;;T_27KI440B;Value;;;;
Rotterdam_CMP;DataAck;27KI440A;;T_27KI440A;Value;;;;
Rotterdam_CMP;DataAck;27KI618;;T_27KI618;Value;;;;
Rotterdam_CMP;DataAck;27PI142C;;T_27PI142C;Value;;;;
Rotterdam_CMP;DataAck;27PI142B;;T_27PI142B;Value;;;;
Rotterdam_CMP;DataAck;27PI142A;;T_27PI142A;Value;;;;
Rotterdam_CMP;DataAck;27RY137;;T_27RY137;Value;;;;
Rotterdam_CMP;DataAck;27FI284;;T_27FI284;Value;;;;
Rotterdam_CMP;DataAck;27TS493;;T_27TS493;Value;;;;
Rotterdam_CMP;DataAck;27PI285;;T_27PI285;Value;;;;
Rotterdam_CMP;DataAck;27PS651;;T_27PS651;Value;;;;
Rotterdam_CMP;DataAck;27PY651;;T_27PY651;Value;;;;
Rotterdam_CMP;DataAck;27AK250;;T_27AK250;Value;;;;
Rotterdam_CMP;DataAck;27PY487;;T_27PY487;Value;;;;
Rotterdam_CMP;DataAck;27PY489;;T_27PY489;Value;;;;
Rotterdam_CMPBN;DataAck;27VI539B;;T_27VI539B;Value;;;;
Rotterdam_CMPBN;DataAck;27VI539A;;T_27VI539A;Value;;;;
Rotterdam_CMPBN;DataAck;27TI512;;T_27TI512;Value;;;;
Rotterdam_CMPBN;DataAck;27TI508;;T_27TI508;Value;;;;
Rotterdam_CMPBN;DataAck;27TI516;;T_27TI516;Value;;;;
Rotterdam_CMPBN;DataAck;27TI517;;T_27TI517;Value;;;;
Rotterdam_CMPBN;DataAck;27TI518;;T_27TI518;Value;;;;
Rotterdam_CMPBN;DataAck;27TI519;;T_27TI519;Value;;;;
Rotterdam_CMPBN;DataAck;27VI535A;;T_27VI535A;Value;;;;
Rotterdam_CMPBN;DataAck;27VI535B;;T_27VI535B;Value;;;;
Rotterdam_CMPBN;DataAck;27VI529B;;T_27VI529B;Value;;;;
Rotterdam_CMPBN;DataAck;27VI529A;;T_27VI529A;Value;;;;
Rotterdam_CMPBN;DataAck;27VI531A;;T_27VI531A;Value;;;;
Rotterdam_CMPBN;DataAck;27VI531B;;T_27VI531B;Value;;;;
Rotterdam_CMPBN;DataAck;27VI533A;;T_27VI533A;Value;;;;
Rotterdam_CMPBN;DataAck;27VI533B;;T_27VI533B;Value;;;;
Rotterdam_CMPBN;DataAck;27VI541A;;T_27VI541A;Value;;;;
Rotterdam_CMPBN;DataAck;27VI541B;;T_27VI541B;Value;;;;
Rotterdam_CMPBN;DataAck;27VI537A;;T_27VI537A;Value;;;;
Rotterdam_CMPBN;DataAck;27VI537B;;T_27VI537B;Value;;;;
Rotterdam_FD;DataAck;27TI103;;T_27TI103;Value;;;;
Rotterdam_FD;DataAck;27TI110;;T_27TI110;Value;;;;
Rotterdam_OVW1;DataAck;27PI126;;T_27PI126;Value;;;;
Rotterdam_FD;DataAck;27TI179;;T_27TI179;Value;;;;
Rotterdam_OVW1;DataAck;27TI192;;T_27TI192;Value;;;;
Rotterdam_FD;DataAck;27TI106;;T_27TI106;Value;;;;
Rotterdam_FD;DataAck;27TI607;;T_27TI607;Value;;;;
Rotterdam_FD;DataAck;27TI608;;T_27TI608;Value;;;;
Rotterdam_FD;DataAck;27TI610;;T_27TI610;Value;;;;
Rotterdam_FD;DataAck;27TI609;;T_27TI609;Value;;;;
Rotterdam_FD;DataAck;27TI468;;T_27TI468;Value;;;;
Rotterdam_FD;DataAck;27TI467;;T_27TI467;Value;;;;
Rotterdam_FD;DataAck;27PDI104;;T_27PDI104;Value;;;;
Rotterdam_OVW1;DataAck;27LI117;;T_27LI117;Value;;;;
Rotterdam_FD;DataAck;27TI193;;T_27TI193;Value;;;;
Rotterdam_FD;DataAck;27TI133;;T_27TI133;Value;;;;
Rotterdam_FD;DataAck;27TI129;;T_27TI129;Value;;;;
Rotterdam_OVW1;DataAck;27TI138;;T_27TI138;Value;;;;
Rotterdam_OVW1;DataAck;27PI175;;T_27PI175;Value;;;;
Rotterdam_OVW1;DataAck;27TI139;;T_27TI139;Value;;;;
Rotterdam_FD;DataAck;27PI176;;T_27PI176;Value;;;;
Rotterdam_FD;DataAck;10TK5262;;T_10TK5262;Value;;;;
Rotterdam_FD;DataAck;10TK5408;;T_10TK5408;Value;;;;
Rotterdam_FD;DataAck;27FI112;;T_27FI112;Value;;;;
Rotterdam_H2S;DataAck;27AI582;;T_27AI582;Value;;;;
Rotterdam_H2S;DataAck;27AI583;;T_27AI583;Value;;;;
Rotterdam_H2S;DataAck;27AI581;;T_27AI581;Value;;;;
Rotterdam_H2S;DataAck;27AI584;;T_27AI584;Value;;;;
Rotterdam_H2S;DataAck;27AI580;;T_27AI580;Value;;;;
Rotterdam_H2S;DataAck;27AI579;;T_27AI579;Value;;;;
Rotterdam_H2S;DataAck;27TI601;;T_27TI601;Value;;;;
Rotterdam_H2S;DataAck;27AI600B;;T_27AI600B;Value;;;;
Rotterdam_H2S;DataAck;27AI600A;;T_27AI600A;Value;;;;
Rotterdam_HPS;DataAck;27TI209;;T_27TI209;Value;;;;
Rotterdam_HPS;DataAck;27FI201;;T_27FI201;Value;;;;
Rotterdam_OVW1;DataAck;27PI287;;T_27PI287;Value;;;;
Rotterdam_OVW1;DataAck;27TI181;;T_27TI181;Value;;;;
Rotterdam_HPS;DataAck;27TI141;;T_27TI141;Value;;;;
Rotterdam_HTR;DataAck;27ZI170;;T_27ZI170;Value;;;;
Rotterdam_HTR;DataAck;27PI144;;T_27PI144;Value;;;;
Rotterdam_OVW1;DataAck;27TI105;;T_27TI105;Value;;;;
Rotterdam_HTR;DataAck;27PI145;;T_27PI145;Value;;;;
Rotterdam_HTR;DataAck;27TI168;;T_27TI168;Value;;;;
Rotterdam_HTR;DataAck;27TI169;;T_27TI169;Value;;;;
Rotterdam_HTR;DataAck;27TI152;;T_27TI152;Value;;;;
Rotterdam_HTR;DataAck;27TI146;;T_27TI146;Value;;;;
Rotterdam_HTR;DataAck;27PI121;;T_27PI121;Value;;;;
Rotterdam_HTR;DataAck;27TI151;;T_27TI151;Value;;;;
Rotterdam_HTR;DataAck;27TI149;;T_27TI149;Value;;;;
Rotterdam_HTR;DataAck;27TI156;;T_27TI156;Value;;;;
Rotterdam_HTR;DataAck;27TI150;;T_27TI150;Value;;;;
Rotterdam_HTR;DataAck;27PI163;;T_27PI163;Value;;;;
Rotterdam_HTR;DataAck;27TI165;;T_27TI165;Value;;;;
Rotterdam_HTR;DataAck;27AI173A;;T_27AI173A;Value;;;;
Rotterdam_HTR;DataAck;27FI413;;T_27FI413;Value;;;;
Rotterdam_HTR;DataAck;27PI162;;T_27PI162;Value;;;;
Rotterdam_HTR;DataAck;27AI174B;;T_27AI174B;Value;;;;
Rotterdam_HTR;DataAck;27AI174A;;T_27AI174A;Value;;;;
Rotterdam_HTR;DataAck;27TI164;;T_27TI164;Value;;;;
Rotterdam_HTR;DataAck;27TDI478;;T_27TDI478;Value;;;;
Rotterdam_HTR;DataAck;27PDI477;;T_27PDI477;Value;;;;
Rotterdam_HTR;DataAck;27FI420;;T_27FI420;Value;;;;
Rotterdam_HTR;DataAck;27AI173B;;T_27AI173B;Value;;;;
Rotterdam_HTR;DataAck;27PI111;;T_27PI111;Value;;;;
Rotterdam_HTR;DataAck;27TI148;;T_27TI148;Value;;;;
Rotterdam_HTR;DataAck;27TI154;;T_27TI154;Value;;;;
Rotterdam_HTR;DataAck;27LI400;;T_27LI400;Value;;;;
Rotterdam_HTR;DataAck;27LI401;;T_27LI401;Value;;;;
Rotterdam_HTR;DataAck;27PDI402;;T_27PDI402;Value;;;;
Rotterdam_HTR;DataAck;27TI167;;T_27TI167;Value;;;;
Rotterdam_HTR;DataAck;27PI123;;T_27PI123;Value;;;;
Rotterdam_HTR;DataAck;27PDI476;;T_27PDI476;Value;;;;
Rotterdam_HTR;DataAck;27PS425;;T_27PS425;Value;;;;
Rotterdam_HTR;DataAck;27TI159;;T_27TI159;Value;;;;
Rotterdam_HTR;DataAck;27TI158;;T_27TI158;Value;;;;
Rotterdam_HTR;DataAck;27PI161;;T_27PI161;Value;;;;
Rotterdam_HTR;DataAck;27PI160;;T_27PI160;Value;;;;
Rotterdam_HTR;DataAck;27QY413;;T_27QY413;Value;;;;
Rotterdam_HTR;DataAck;27PI304;;T_27PI304;Value;;;;
Rotterdam_HTR;DataAck;27FI303;;T_27FI303;Value;;;;
Rotterdam_OVW1;DataAck;27FI183;;T_27FI183;Value;;;;
Rotterdam_OVW1;DataAck;27PI178A;;T_27PI178A;Value;;;;
Rotterdam_OVW1;DataAck;27PDI178H;;T_27PDI178H;Value;;;;
Rotterdam_OVW2;DataAck;27TI227;;T_27TI227;Value;;;;
Rotterdam_OVW2;DataAck;27PDI231;;T_27PDI231;Value;;;;
Rotterdam_OVW2;DataAck;27PI228;;T_27PI228;Value;;;;
Rotterdam_OVW2;DataAck;27PS142;;T_27PS142;Value;;;;
Rotterdam_OVW2;DataAck;27TI395;;T_27TI395;Value;;;;
Rotterdam_OVW2;DataAck;27PDI390;;T_27PDI390;Value;;;;
Rotterdam_OVW2;DataAck;27FI185;;T_27FI185;Value;;;;
Rotterdam_OVW3;DataAck;27PDI293;;T_27PDI293;Value;;;;
Rotterdam_OVW3;DataAck;27PDI300;;T_27PDI300;Value;;;;
Rotterdam_OVW3;DataAck;27TI264;;T_27TI264;Value;;;;
Rotterdam_OVW3;DataAck;27TI308;;T_27TI308;Value;;;;
Rotterdam_OVW3;DataAck;27TI670;;T_27TI670;Value;;;;
Rotterdam_RGA;DataAck;27TI243;;T_27TI243;Value;;;;
Rotterdam_RGA;DataAck;27PI238;;T_27PI238;Value;;;;
Rotterdam_RKOD;DataAck;27TI412;;T_27TI412;Value;;;;
Rotterdam_RKOD;DataAck;27TI405;;T_27TI405;Value;;;;
Rotterdam_RKOD;DataAck;27TI464;;T_27TI464;Value;;;;
Rotterdam_RKOD;DataAck;27TI403;;T_27TI403;Value;;;;
Rotterdam_RKOD;DataAck;27FI301;;T_27FI301;Value;;;;
Rotterdam_RKOD;DataAck;27TI305;;T_27TI305;Value;;;;
Rotterdam_RKOD;DataAck;27FI410;;T_27FI410;Value;;;;
Rotterdam_RKOD;DataAck;27LI373;;T_27LI373;Value;;;;
Rotterdam_RKOD;DataAck;27TI465;;T_27TI465;Value;;;;
Rotterdam_RKOD;DataAck;27FI437;;T_27FI437;Value;;;;
Rotterdam_RX;DataAck;27TI177;;T_27TI177;Value;;;;
Rotterdam_RX;DataAck;27TI190;;T_27TI190;Value;;;;
Rotterdam_RX;DataAck;27AI339;;T_27AI339;Value;;;;
Rotterdam_RX;DataAck;27TY432A;;T_27TY432A;Value;;;;
Rotterdam_RX;DataAck;27TY435A;;T_27TY435A;Value;;;;
Rotterdam_RX;DataAck;27PDI178E;;T_27PDI178E;Value;;;;
Rotterdam_RX;DataAck;27TI188;;T_27TI188;Value;;;;
Rotterdam_RX;DataAck;27TY436A;;T_27TY436A;Value;;;;
Rotterdam_RX;DataAck;27PI178B;;T_27PI178B;Value;;;;
Rotterdam_RX;DataAck;27PI178C;;T_27PI178C;Value;;;;
Rotterdam_RX;DataAck;27PDI178F;;T_27PDI178F;Value;;;;
Rotterdam_RX;DataAck;27PDI178G;;T_27PDI178G;Value;;;;
Rotterdam_RX;DataAck;27TI186;;T_27TI186;Value;;;;
Rotterdam_RX;DataAck;27TI191;;T_27TI191;Value;;;;
Rotterdam_RX;DataAck;27TI189;;T_27TI189;Value;;;;
Rotterdam_RX;DataAck;27PI178D;;T_27PI178D;Value;;;;
Rotterdam_RX;DataAck;27TY434A;;T_27TY434A;Value;;;;
Rotterdam_RX;DataAck;27TY433A;;T_27TY433A;Value;;;;
Rotterdam_RX;DataAck;27TY431A;;T_27TY431A;Value;;;;
Rotterdam_RX;DataAck;27TI187;;T_27TI187;Value;;;;
Rotterdam_RX;DataAck;27TY9006;;T_27TY9006;Value;;;;
Rotterdam_RX;DataAck;27TY9001;;T_27TY9001;Value;;;;
Rotterdam_RX;DataAck;27TY9002;;T_27TY9002;Value;;;;
Rotterdam_RX;DataAck;27TY9003;;T_27TY9003;Value;;;;
Rotterdam_RX;DataAck;27TY9004;;T_27TY9004;Value;;;;
Rotterdam_RX;DataAck;33AI883A;;T_33AI883A;Value;;;;
Rotterdam_RX;DataAck;10TI21;;T_10TI21;Value;;;;
Rotterdam_RX;DataAck;27AN339;;T_27AN339;Value;;;;
Rotterdam_RX;DataAck;27TY9007;;T_27TY9007;Value;;;;
Rotterdam_SOGA;DataAck;27PI393;;T_27PI393;Value;;;;
Rotterdam_SOGA;DataAck;27FI386;;T_27FI386;Value;;;;
Rotterdam_SOGA;DataAck;27TI387;;T_27TI387;Value;;;;
Rotterdam_SOGA;DataAck;27TI286;;T_27TI286;Value;;;;
Rotterdam_SOGA;DataAck;27TY396;;T_27TY396;Value;;;;
Rotterdam_STR;DataAck;27TI263;;T_27TI263;Value;;;;
Rotterdam_STR;DataAck;27PI295;;T_27PI295;Value;;;;
Rotterdam_STR;DataAck;27PI265;;T_27PI265;Value;;;;
Rotterdam_STR;DataAck;27TI292;;T_27TI292;Value;;;;
Rotterdam_STR;DataAck;27TI299;;T_27TI299;Value;;;;
Rotterdam_STR;DataAck;27TI466;;T_27TI466;Value;;;;
Rotterdam_STR;DataAck;27FI298;;T_27FI298;Value;;;;
Rotterdam_STR;DataAck;27TI475;;T_27TI475;Value;;;;
Rotterdam_STR;DataAck;27TI266;;T_27TI266;Value;;;;
Rotterdam_STR;DataAck;27TI472;;T_27TI472;Value;;;;
Rotterdam_STR;DataAck;27PI319;;T_27PI319;Value;;;;
Rotterdam_STR;DataAck;27FI316;;T_27FI316;Value;;;;
Rotterdam_STR;DataAck;27PI474;;T_27PI474;Value;;;;
Rotterdam_STR;DataAck;27TI306;;T_27TI306;Value;;;;
Rotterdam_STR;DataAck;27TI473;;T_27TI473;Value;;;;
Rotterdam_STR;DataAck;27TI294;;T_27TI294;Value;;;;
Rotterdam_STR;DataAck;27FI322;;T_27FI322;Value;;;;
Rotterdam_STR;DataAck;27FY317;;T_27FY317;Value;;;;
Rotterdam_VDS;DataAck;27AI225;;T_27AI225;Value;;;;
Rotterdam_VDS;DataAck;27TI377;;T_27TI377;Value;;;;
Rotterdam_VDS;DataAck;27PI380;;T_27PI380;Value;;;;
Rotterdam_VDS;DataAck;27FI385;;T_27FI385;Value;;;;
Rotterdam_VDS;DataAck;27PI330;;T_27PI330;Value;;;;
Rotterdam_VFD;DataAck;27TI326;;T_27TI326;Value;;;;
Rotterdam_VFD;DataAck;27PI324;;T_27PI324;Value;;;;
Rotterdam_VFD;DataAck;27PI328;;T_27PI328;Value;;;;
Rotterdam_VFD;DataAck;27FI338;;T_27FI338;Value;;;;
Rotterdam_VFD;DataAck;27TI267;;T_27TI267;Value;;;;
Rotterdam_VFD;DataAck;27TI325;;T_27TI325;Value;;;;
Rotterdam_VFD;DataAck;27TI649;;T_27TI649;Value;;;;
Rotterdam_1oo3;DigitalState;27HS206;;;;;;;
Rotterdam_1oo3;DigitalState;27HS307;;;;;;;
Rotterdam_1oo3;DigitalState;27HS315;;;;;;;
Rotterdam_1oo3;DigitalState;27HS317;;;;;;;
Rotterdam_1oo3;DigitalState;27HS372;;;;;;;
Rotterdam_1oo3;DigitalState;27HS374;;;;;;;
Rotterdam_1oo3;DigitalState;27HS375;;;;;;;
Rotterdam_1oo3;DigitalState;27HS407;;;;;;;
Rotterdam_ALMS;DigitalState;27UA571;;;;;;;
Rotterdam_ALMS;DigitalState;26UA393;;;;;;;
Rotterdam_ALMS;DigitalState;26UA392;;;;;;;
Rotterdam_ALMS;DigitalState;26UA394;;;;;;;
Rotterdam_ALMS;DigitalState;27UA530;;;;;;;
Rotterdam_ALMS;DigitalState;26UA81D;;;;;;;
Rotterdam_ALMS;DigitalState;27LA118;;;;;;;
Rotterdam_ALMS;DigitalState;27LL118;;;;;;;
Rotterdam_ALMS;DigitalState;27HA118;;;;;;;
Rotterdam_ALMS;DigitalState;27LH118;;;;;;;
Rotterdam_ALMS;DigitalState;27UA118;;;;;;;
Rotterdam_ALMS;DigitalState;27FL137;;;;;;;
Rotterdam_ALMS;DigitalState;27UA137;;;;;;;
Rotterdam_ALMS;DigitalState;27FA137;;;;;;;
Rotterdam_ALMS;DigitalState;27FL289;;;;;;;
Rotterdam_ALMS;DigitalState;27UA289;;;;;;;
Rotterdam_ALMS;DigitalState;27HA288;;;;;;;
Rotterdam_ALMS;DigitalState;27FA372;;;;;;;
Rotterdam_ALMS;DigitalState;27UA372;;;;;;;
Rotterdam_ALMS;DigitalState;27FL372;;;;;;;
Rotterdam_ALMS;DigitalState;27HA372;;;;;;;
Rotterdam_ALMS;DigitalState;27PA378;;;;;;;
Rotterdam_ALMS;DigitalState;27HA378;;;;;;;
Rotterdam_ALMS;DigitalState;27PH378;;;;;;;
Rotterdam_ALMS;DigitalState;27UA378;;;;;;;
Rotterdam_ALMS;DigitalState;27PA419;;;;;;;
Rotterdam_ALMS;DigitalState;27UA419;;;;;;;
Rotterdam_ALMS;DigitalState;27PH419;;;;;;;
Rotterdam_ALMS;DigitalState;27UA217;;;;;;;
Rotterdam_ALMS;DigitalState;27LA217;;;;;;;
Rotterdam_ALMS;DigitalState;27UA425;;;;;;;
Rotterdam_ALMS;DigitalState;27PA425;;;;;;;
Rotterdam_ALMS;DigitalState;27PH425;;;;;;;
Rotterdam_ALMS;DigitalState;27UA244;;;;;;;
Rotterdam_ALMS;DigitalState;27LA244;;;;;;;
Rotterdam_ALMS;DigitalState;27LH244;;;;;;;
Rotterdam_ALMS;DigitalState;27FA289;;;;;;;
Rotterdam_ALMS;DigitalState;27PL419;;;;;;;
Rotterdam_ALMS;DigitalState;27LA232;;;;;;;
Rotterdam_ALMS;DigitalState;27UA232;;;;;;;
Rotterdam_ALMS;DigitalState;27LL232;;;;;;;
Rotterdam_ALMS;DigitalState;27HA233;;;;;;;
Rotterdam_ALMS;DigitalState;27FA230;;;;;;;
Rotterdam_ALMS;DigitalState;27UA230;;;;;;;
Rotterdam_ALMS;DigitalState;27FL230;;;;;;;
Rotterdam_ALMS;DigitalState;27HA236;;;;;;;
Rotterdam_ALMS;DigitalState;27UA213;;;;;;;
Rotterdam_ALMS;DigitalState;27LA213;;;;;;;
Rotterdam_ALMS;DigitalState;27LL213;;;;;;;
Rotterdam_ALMS;DigitalState;27LL217;;;;;;;
Rotterdam_ALMS;DigitalState;27HA223;;;;;;;
Rotterdam_ALMS;DigitalState;27HA214;;;;;;;
Rotterdam_ALMS;DigitalState;27UA339;;;;;;;
Rotterdam_ALMS;DigitalState;27UA132;;;;;;;
Rotterdam_ALMS;DigitalState;27UA136;;;;;;;
Rotterdam_ALMS;DigitalState;27UA605;;;;;;;
Rotterdam_ALMS;DigitalState;27FL557;;;;;;;
Rotterdam_ALMS;DigitalState;27ZH520;;;;;;;
Rotterdam_ALMS;DigitalState;27TH514;;;;;;;
Rotterdam_ALMS;DigitalState;27LH527;;;;;;;
Rotterdam_ALMS;DigitalState;27THH515;;;;;;;
Rotterdam_ALMS;DigitalState;27VH532;;;;;;;
Rotterdam_ALMS;DigitalState;27VHH534;;;;;;;
Rotterdam_ALMS;DigitalState;27ZHH521;;;;;;;
Rotterdam_ALMS;DigitalState;27FL558;;;;;;;
Rotterdam_ALMS;DigitalState;27VHH536;;;;;;;
Rotterdam_ALMS;DigitalState;27PA545;;;;;;;
Rotterdam_ALMS;DigitalState;27HA545;;;;;;;
Rotterdam_ALMS;DigitalState;27PL545;;;;;;;
Rotterdam_ALMS;DigitalState;27UA545;;;;;;;
Rotterdam_CHP;DigitalState;27ZD223;;A_27HV223;OpeningCommand;;;;
Rotterdam_VDS;DigitalState;27ZDC378;;A_27HV378;Zhl;;;;
Rotterdam_AUX1;Bar;27LI544;;T_27LI544;State;;;;
Rotterdam_AUX2;Bar;27LI502;;T_27LI502;State;;;;
Rotterdam_AUX2;Bar;27LI560;;T_27LI560;State;;;;
Rotterdam_OVW1;Bar;27LI217A;;T_27LI217A;State;;;;
Rotterdam_OVW1;Bar;27LI217B;;T_27LI217B;State;;;;
Rotterdam_OVW1;Bar;27LI217C;;T_27LI217C;State;;;;
Rotterdam_OVW1;Bar;27LI213A;;T_27LI213A;State;;;;
Rotterdam_OVW1;Bar;27LI213B;;T_27LI213B;State;;;;
Rotterdam_OVW1;Bar;27LI213C;;T_27LI213C;State;;;;
Rotterdam_CMP;Bar;27LI492A;;T_27LI492A;State;;;;
Rotterdam_CMP;Bar;27LI492B;;T_27LI492B;State;;;;
Rotterdam_CMP;Bar;27LI491A;;T_27LI491A;State;;;;
Rotterdam_CMP;Bar;27LI491B;;T_27LI491B;State;;;;
Rotterdam_CMP;Bar;27LI244A;;T_27LI244A;State;;;;
Rotterdam_CMP;Bar;27LI244B;;T_27LI244B;State;;;;
Rotterdam_CMP;Bar;27LI244C;;T_27LI244C;State;;;;
Rotterdam_OVW1;Bar;27LI117;;T_27LI117;State;;;;
Rotterdam_OVW1;Bar;27LI118B;;T_27LI118B;State;;;;
Rotterdam_OVW1;Bar;27LI118A;;T_27LI118A;State;;;;
Rotterdam_OVW1;Bar;27LI118C;;T_27LI118C;State;;;;
Rotterdam_OVW1;Bar;27LI194A;;T_27LI194A;State;;;;
Rotterdam_OVW1;Bar;27LI194B;;T_27LI194B;State;;;;
Rotterdam_OVW1;Bar;27LI194C;;T_27LI194C;State;;;;
Rotterdam_HTR;Bar;27LI400;;T_27LI400;State;;;;
Rotterdam_HTR;Bar;27LI401;;T_27LI401;State;;;;
Rotterdam_OVW2;Bar;27LI392B;;T_27LI392B;State;;;;
Rotterdam_OVW2;Bar;27LI392A;;T_27LI392A;State;;;;
Rotterdam_OVW2;Bar;27LI392C;;T_27LI392C;State;;;;
Rotterdam_OVW2;Bar;27LI232B;;T_27LI232B;State;;;;
Rotterdam_OVW2;Bar;27LI232A;;T_27LI232A;State;;;;
Rotterdam_OVW2;Bar;27LI232C;;T_27LI232C;State;;;;
Rotterdam_OVW2;Bar;27LI206A;;T_27LI206A;State;;;;
Rotterdam_OVW2;Bar;27LI206B;;T_27LI206B;State;;;;
Rotterdam_OVW3;Bar;27LI374A;;T_27LI374A;State;;;;
Rotterdam_OVW3;Bar;27LI374B;;T_27LI374B;State;;;;
Rotterdam_OVW3;Bar;27LI375A;;T_27LI375A;State;;;;
Rotterdam_OVW3;Bar;27LI375B;;T_27LI375B;State;;;;
Rotterdam_OVW3;Bar;27LI315A;;T_27LI315A;State;;;;
Rotterdam_OVW3;Bar;27LI317B;;T_27LI317B;State;;;;
Rotterdam_OVW3;Bar;27LI327B;;T_27LI327B;State;;;;
Rotterdam_OVW3;Bar;27LI327A;;T_27LI327A;State;;;;
Rotterdam_OVW3;Bar;27LI327C;;T_27LI327C;State;;;;
Rotterdam_OVW3;Bar;27LI307A;;T_27LI307A;State;;;;
Rotterdam_OVW3;Bar;27LI307B;;T_27LI307B;State;;;;
Rotterdam_OVW3;Bar;27LI315B;;T_27LI315B;State;;;;
Rotterdam_OVW3;Bar;27LI317A;;T_27LI317A;State;;;;
Rotterdam_RKOD;Bar;27LI407A;;T_27LI407A;State;;;;
Rotterdam_RKOD;Bar;27LI407B;;T_27LI407B;State;;;;
Rotterdam_RKOD;Bar;27LI373;;T_27LI373;State;;;;
Rotterdam_AUX1;Text;27THH515;;;;;;;
Rotterdam_AUX1;Text;27TH514;;;;;;;
Rotterdam_AUX1;Text;27ZHH521;;;;;;;
Rotterdam_AUX1;Text;27ZH520;;;;;;;
Rotterdam_AUX1;Text;27VHH536;;;;;;;
Rotterdam_AUX1;Text;27VHH534;;;;;;;
Rotterdam_AUX1;Text;27VH532;;;;;;;
Rotterdam_AUX1;Text;27LH527;;;;;;;
Rotterdam_AUX1;Text;27UD453;;;;;;;
Rotterdam_AUX1;Text;27UX453A;;;;;;;
Rotterdam_AUX1;Text;27UX453B;;;;;;;
Rotterdam_AUX1;Text;27UX453C;;;;;;;
Rotterdam_AUX1;Text;27UX453D;;;;;;;
Rotterdam_AUX1;Text;27UX453E;;;;;;;
Rotterdam_AUX1;Text;27UX453F;;;;;;;
Rotterdam_AUX1;Text;27UD619A;;;;;;;
Rotterdam_AUX1;Text;27UD619B;;;;;;;
Rotterdam_AUX1;Text;27UD620A;;;;;;;
Rotterdam_AUX1;Text;27UD620B;;;;;;;
Rotterdam_AUX1;Text;27ZA507;;;;;;;
Rotterdam_AUX1;Text;27ZA510;;;;;;;
Rotterdam_AUX1;Text;27TH508;;;;;;;
Rotterdam_AUX1;Text;27TH519;;;;;;;
Rotterdam_AUX1;Text;27VH529A;;;;;;;
Rotterdam_AUX1;Text;27VH529B;;;;;;;
Rotterdam_AUX1;Text;27VH531A;;;;;;;
Rotterdam_AUX1;Text;27VH531B;;;;;;;
Rotterdam_AUX1;Text;27ZH509;;;;;;;
Rotterdam_AUX1;Text;27ZH511;;;;;;;
Rotterdam_AUX1;Text;27TH517;;;;;;;
Rotterdam_AUX1;Text;27TH518;;;;;;;
Rotterdam_AUX1;Text;27VH537A;;;;;;;
Rotterdam_AUX1;Text;27VH537B;;;;;;;
Rotterdam_AUX1;Text;27VH539A;;;;;;;
Rotterdam_AUX1;Text;27VH539B;;;;;;;
Rotterdam_AUX1;Text;27VH541A;;;;;;;
Rotterdam_AUX1;Text;27VH541B;;;;;;;
Rotterdam_AUX2;Text;27TD652;;;;;;;
Rotterdam_AUX2;Text;27HD545;;;;;;;
Rotterdam_AUX2;Text;27TH572;;;;;;;
Rotterdam_AUX2;Text;27UA530;;;;;;;
Rotterdam_AUX2;Text;27HS557;;;;;;;
Rotterdam_OVW1;Text;27HS223C;;;;;;;
Rotterdam_OVW1;Text;27HS217;;;;;;;
Rotterdam_OVW1;Text;27HS213;;;;;;;
Rotterdam_CMP;Text;27HS247;;;;;;;
Rotterdam_CMP;Text;27KI664;;;;;;;
Rotterdam_CMPBN;Text;27ZHH509;;;;;;;
Rotterdam_CMPBN;Text;27ZHH511;;;;;;;
Rotterdam_CMPBN;Text;27THH508;;;;;;;
Rotterdam_CMPBN;Text;27UA508;;;;;;;
Rotterdam_CMPBN;Text;27THH519;;;;;;;
Rotterdam_CMPBN;Text;27UA519;;;;;;;
Rotterdam_CMPBN;Text;27VHH529A;;;;;;;
Rotterdam_CMPBN;Text;27UA529A;;;;;;;
Rotterdam_CMPBN;Text;27VHH529B;;;;;;;
Rotterdam_CMPBN;Text;27UA529B;;;;;;;
Rotterdam_CMPBN;Text;27VHH531A;;;;;;;
Rotterdam_CMPBN;Text;27UA531A;;;;;;;
Rotterdam_CMPBN;Text;27VHH531B;;;;;;;
Rotterdam_CMPBN;Text;27UA531B;;;;;;;
Rotterdam_CMPBN;Text;27TH512;;;;;;;
Rotterdam_CMPBN;Text;27THH512;;;;;;;
Rotterdam_CMPBN;Text;27UA512;;;;;;;
Rotterdam_CMPBN;Text;27TH516;;;;;;;
Rotterdam_CMPBN;Text;27THH516;;;;;;;
Rotterdam_CMPBN;Text;27UA516;;;;;;;
Rotterdam_CMPBN;Text;27VH533A;;;;;;;
Rotterdam_CMPBN;Text;27VHH533A;;;;;;;
Rotterdam_CMPBN;Text;27UA533A;;;;;;;
Rotterdam_CMPBN;Text;27VH533B;;;;;;;
Rotterdam_CMPBN;Text;27VHH533B;;;;;;;
Rotterdam_CMPBN;Text;27UA533B;;;;;;;
Rotterdam_CMPBN;Text;27VH535A;;;;;;;
Rotterdam_CMPBN;Text;27VHH535A;;;;;;;
Rotterdam_CMPBN;Text;27UA535A;;;;;;;
Rotterdam_CMPBN;Text;27VH535B;;;;;;;
Rotterdam_CMPBN;Text;27VHH535B;;;;;;;
Rotterdam_CMPBN;Text;27UA535B;;;;;;;
Rotterdam_CMPBN;Text;27THH517;;;;;;;
Rotterdam_CMPBN;Text;27UA517;;;;;;;
Rotterdam_CMPBN;Text;27THH518;;;;;;;
Rotterdam_CMPBN;Text;27UA518;;;;;;;
Rotterdam_CMPBN;Text;27VHH537A;;;;;;;
Rotterdam_CMPBN;Text;27UA537A;;;;;;;
Rotterdam_CMPBN;Text;27VHH537B;;;;;;;
Rotterdam_CMPBN;Text;27UA537B;;;;;;;
Rotterdam_CMPBN;Text;27VHH539A;;;;;;;
Rotterdam_CMPBN;Text;27UA539A;;;;;;;
Rotterdam_CMPBN;Text;27VHH539B;;;;;;;
Rotterdam_CMPBN;Text;27UA539B;;;;;;;
Rotterdam_CMPBN;Text;27VHH541A;;;;;;;
Rotterdam_CMPBN;Text;27UA541A;;;;;;;
Rotterdam_CMPBN;Text;27VHH541B;;;;;;;
Rotterdam_CMPBN;Text;27UA541B;;;;;;;
Rotterdam_COMPPERM;Text;27XA256;;;;;;;
Rotterdam_COMPPERM;Text;27MD256;;;;;;;
Rotterdam_COMPPERM;Text;27XD256A;;;;;;;
Rotterdam_COMPPERM;Text;27XD256B;;;;;;;
Rotterdam_COMPPERM;Text;27XA440;;;;;;;
Rotterdam_COMPPERM;Text;27XA557;;;;;;;
Rotterdam_COMPPERM;Text;27XA545;;;;;;;
Rotterdam_COMPPERM;Text;27XA544;;;;;;;
Rotterdam_COMPPERM;Text;27XA244;;;;;;;
Rotterdam_COMPPERM;Text;27XA501;;;;;;;
Rotterdam_COMPPERM;Text;27XA548;;;;;;;
Rotterdam_COMPPERM;Text;27X11616;;;;;;;
Rotterdam_FD;Text;27UA132;;;;;;;
Rotterdam_FD;Text;27UA136;;;;;;;
Rotterdam_OVW1;Text;27HS116;;;;;;;
Rotterdam_FD;Text;27HS332;;;;;;;
Rotterdam_OVW1;Text;27HS101;;;;;;;
Rotterdam_FD;Text;27HS137;;;;;;;
Rotterdam_FD;Text;27KI124;;;;;;;
Rotterdam_H2S;Text;27UA623;;;;;;;
Rotterdam_H2S;Text;27UA624;;;;;;;
Rotterdam_H2S;Text;27UA625;;;;;;;
Rotterdam_H2S;Text;27UA639;;;;;;;
Rotterdam_H2S;Text;27UA640;;;;;;;
Rotterdam_H2S;Text;27UA643;;;;;;;
Rotterdam_H2S;Text;27UA645;;;;;;;
Rotterdam_H2S;Text;27UA646;;;;;;;
Rotterdam_H2S;Text;27TH647;;;;;;;
Rotterdam_H2S;Text;27UD653;;;;;;;
Rotterdam_H2S;Text;27XD654;;;;;;;
Rotterdam_H2S;Text;27UD655;;;;;;;
Rotterdam_H2S;Text;27LH656;;;;;;;
Rotterdam_H2S;Text;27UA667;;;;;;;
Rotterdam_H2S;Text;27UA658;;;;;;;
Rotterdam_H2S;Text;27UA659;;;;;;;
Rotterdam_H2S;Text;27UA660;;;;;;;
Rotterdam_H2S;Text;27UA661;;;;;;;
Rotterdam_H2S;Text;27UA665;;;;;;;
Rotterdam_H2S;Text;27UA600A;;;;;;;
Rotterdam_H2S;Text;27UA600B;;;;;;;
Rotterdam_H2S;Text;27HD602;;;;;;;
Rotterdam_H2S;Text;27UA586A;;;;;;;
Rotterdam_H2S;Text;27UA586B;;;;;;;
Rotterdam_H2S;Text;27UA584;;;;;;;
Rotterdam_H2S;Text;27UA583;;;;;;;
Rotterdam_H2S;Text;27UA582;;;;;;;
Rotterdam_H2S;Text;27UA581;;;;;;;
Rotterdam_H2S;Text;27UA580;;;;;;;
Rotterdam_H2S;Text;27UA579;;;;;;;
Rotterdam_H2S;Text;27HD585;;;;;;;
Rotterdam_HPS;Text;27HD589;;;;;;;
Rotterdam_HPS;Text;27HD590;;;;;;;
Rotterdam_HPS;Text;27HD591;;;;;;;
Rotterdam_HPS;Text;27HD592;;;;;;;
Rotterdam_OVW1;Text;27HS194;;;;;;;
Rotterdam_OVW1;Text;27HS288;;;;;;;
Rotterdam_HPS;Text;27KI288;;;;;;;
Rotterdam_HTR;Text;27UA174;;;;;;;
Rotterdam_HTR;Text;27UA173;;;;;;;
Rotterdam_HTR;Text;27HD173;;;;;;;
Rotterdam_HTR;Text;27HD174;;;;;;;
Rotterdam_HTR;Text;30FD290;;;;;;;
Rotterdam_HTR;Text;27UA425;;;;;;;
Rotterdam_HTR;Text;27PH425;;;;;;;
Rotterdam_HTR;Text;27PL425;;;;;;;
Rotterdam_HTR;Text;27UA419;;;;;;;
Rotterdam_HTR;Text;27PH419;;;;;;;
Rotterdam_HTR;Text;27PL419;;;;;;;
Rotterdam_HTR;Text;27HS173B;;;;;;;
Rotterdam_HTR;Text;27HS174B;;;;;;;
Rotterdam_OVW1;Text;27HS419E;;;;;;;
Rotterdam_OVW1;Text;27HS419D;;;;;;;
Rotterdam_HTR;Text;27KI416;;;;;;;
Rotterdam_HTR;Text;27KI423;;;;;;;
Rotterdam_LAB;Text;27BT0001;;;;;;;
Rotterdam_LAB;Text;27BT0029;;;;;;;
Rotterdam_LAB;Text;27BT0002;;;;;;;
Rotterdam_LAB;Text;27BT0003;;;;;;;
Rotterdam_LAB;Text;27BT0028;;;;;;;
Rotterdam_LAB;Text;27BT0004;;;;;;;
Rotterdam_LAB;Text;27BT0005;;;;;;;
Rotterdam_LAB;Text;27BT0006;;;;;;;
Rotterdam_LAB;Text;27BT0007;;;;;;;
Rotterdam_LAB;Text;27BT0008;;;;;;;
Rotterdam_LAB;Text;27BT0009;;;;;;;
Rotterdam_LAB;Text;27BT0010;;;;;;;
Rotterdam_LAB;Text;27BT0011;;;;;;;
Rotterdam_LAB;Text;27BT0012;;;;;;;
Rotterdam_LAB;Text;27BT0013;;;;;;;
Rotterdam_LAB;Text;27BT0014;;;;;;;
Rotterdam_LAB2;Text;27BT0015;;;;;;;
Rotterdam_LAB2;Text;27BT0016;;;;;;;
Rotterdam_LAB2;Text;27BT0017;;;;;;;
Rotterdam_LAB2;Text;27BT0018;;;;;;;
Rotterdam_LAB2;Text;27BT0019;;;;;;;
Rotterdam_LAB2;Text;27BT0020;;;;;;;
Rotterdam_LAB2;Text;27BT0021;;;;;;;
Rotterdam_LAB2;Text;27BT0022;;;;;;;
Rotterdam_LAB2;Text;27BT0023;;;;;;;
Rotterdam_LAB2;Text;27BT0024;;;;;;;
Rotterdam_LAB2;Text;27BT0025;;;;;;;
Rotterdam_LAB2;Text;27BT0026;;;;;;;
Rotterdam_LAB2;Text;27BT0027;;;;;;;
Rotterdam_OVW2;Text;27HS230;;;;;;;
Rotterdam_OVW2;Text;27HS232;;;;;;;
Rotterdam_OVW2;Text;27HS206;;;;;;;
Rotterdam_OVW3;Text;27HS307;;;;;;;
Rotterdam_OVW3;Text;27HS315;;;;;;;
Rotterdam_OVW3;Text;27HS317;;;;;;;
Rotterdam_OVW3;Text;27HS378D;;;;;;;
Rotterdam_OVW3;Text;27HS374;;;;;;;
Rotterdam_OVW3;Text;27HS375;;;;;;;
Rotterdam_RGA;Text;27KI236;;;;;;;
Rotterdam_RKOD;Text;27HS407;;;;;;;
Rotterdam_RKOD;Text;27HS407A;;;;;;;
Rotterdam_RKOD;Text;27HS407B;;;;;;;
Rotterdam_SIS1;Text;27UX425B;;;;;;;
Rotterdam_SIS1;Text;27UX425C;;;;;;;
Rotterdam_SIS1;Text;27UX425D;;;;;;;
Rotterdam_SIS1;Text;27UX425E;;;;;;;
Rotterdam_SIS1;Text;27UX425A;;;;;;;
Rotterdam_SIS1;Text;27LA118B;;;;;;;
Rotterdam_SIS1;Text;27LA118A;;;;;;;
Rotterdam_SIS1;Text;27LA118C;;;;;;;
Rotterdam_SIS1;Text;27HS118B;;;;;;;
Rotterdam_SIS1;Text;27HS118A;;;;;;;
Rotterdam_SIS1;Text;27HS118C;;;;;;;
Rotterdam_SIS1;Text;27LH118;;;;;;;
Rotterdam_SIS1;Text;27LA118;;;;;;;
Rotterdam_SIS1;Text;27LL118;;;;;;;
Rotterdam_SIS1;Text;27UA118;;;;;;;
Rotterdam_SIS1;Text;27LA217B;;;;;;;
Rotterdam_SIS1;Text;27LA217A;;;;;;;
Rotterdam_SIS1;Text;27LA217C;;;;;;;
Rotterdam_SIS1;Text;27HS217B;;;;;;;
Rotterdam_SIS1;Text;27HS217A;;;;;;;
Rotterdam_SIS1;Text;27HS217C;;;;;;;
Rotterdam_SIS1;Text;27LA217;;;;;;;
Rotterdam_SIS1;Text;27LL217;;;;;;;
Rotterdam_SIS1;Text;27UA217;;;;;;;
Rotterdam_SIS1;Text;27LT118;;T_27LI118A;Value;;;;
Rotterdam_SIS1;Text;27LT217;;T_27LI217A;Value;;;;
Rotterdam_SIS1;Text;27FA137B;;;;;;;
Rotterdam_SIS1;Text;27FA137A;;;;;;;
Rotterdam_SIS1;Text;27FA137C;;;;;;;
Rotterdam_SIS1;Text;27HS137B;;;;;;;
Rotterdam_SIS1;Text;27HS137A;;;;;;;
Rotterdam_SIS1;Text;27FA137;;;;;;;
Rotterdam_SIS1;Text;27FL137;;;;;;;
Rotterdam_SIS1;Text;27UA137;;;;;;;
Rotterdam_SIS1;Text;27FT137;;T_27FI137A;Value;;;;
Rotterdam_SIS1;Text;27LA244B;;;;;;;
Rotterdam_SIS1;Text;27LA244A;;;;;;;
Rotterdam_SIS1;Text;27LA244C;;;;;;;
Rotterdam_SIS1;Text;27HS244B;;;;;;;
Rotterdam_SIS1;Text;27HS244A;;;;;;;
Rotterdam_SIS1;Text;27HS244C;;;;;;;
Rotterdam_SIS1;Text;27LH244;;;;;;;
Rotterdam_SIS1;Text;27LA244;;;;;;;
Rotterdam_SIS1;Text;27UA244;;;;;;;
Rotterdam_SIS1;Text;27LT244;;T_27LI244A;Value;;;;
Rotterdam_SIS1;Text;27PA425B;;;;;;;
Rotterdam_SIS1;Text;27PA425A;;;;;;;
Rotterdam_SIS1;Text;27PA425C;;;;;;;
Rotterdam_SIS1;Text;27HS425B;;;;;;;
Rotterdam_SIS1;Text;27HS425A;;;;;;;
Rotterdam_SIS1;Text;27HS425C;;;;;;;
Rotterdam_SIS1;Text;27PA425;;;;;;;
Rotterdam_SIS1;Text;27PT425;;T_27PI425A;Value;;;;
Rotterdam_SIS1;Text;27FA143B;;;;;;;
Rotterdam_SIS1;Text;27FA143A;;;;;;;
Rotterdam_SIS1;Text;27FA143C;;;;;;;
Rotterdam_SIS1;Text;27HS143B;;;;;;;
Rotterdam_SIS1;Text;27HS143A;;;;;;;
Rotterdam_SIS1;Text;27HS143C;;;;;;;
Rotterdam_SIS1;Text;27FA143;;;;;;;
Rotterdam_SIS1;Text;27FL143;;;;;;;
Rotterdam_SIS1;Text;27UA143;;;;;;;
Rotterdam_SIS1;Text;27FT143;;T_27FI143A;Value;;;;
Rotterdam_SIS1;Text;27FA288B;;;;;;;
Rotterdam_SIS1;Text;27FA288A;;;;;;;
Rotterdam_SIS1;Text;27FA288C;;;;;;;
Rotterdam_SIS1;Text;27HS288B;;;;;;;
Rotterdam_SIS1;Text;27HS288A;;;;;;;
Rotterdam_SIS1;Text;27HS288C;;;;;;;
Rotterdam_SIS1;Text;27FA288;;;;;;;
Rotterdam_SIS1;Text;27FL288;;;;;;;
Rotterdam_SIS1;Text;27UA288;;;;;;;
Rotterdam_SIS1;Text;27FT288;;T_27FI288A;Value;;;;
Rotterdam_SIS1;Text;27LA194B;;;;;;;
Rotterdam_SIS1;Text;27LA194A;;;;;;;
Rotterdam_SIS1;Text;27LA194C;;;;;;;
Rotterdam_SIS1;Text;27HS194B;;;;;;;
Rotterdam_SIS1;Text;27HS194A;;;;;;;
Rotterdam_SIS1;Text;27HS194C;;;;;;;
Rotterdam_SIS1;Text;27LA194;;;;;;;
Rotterdam_SIS1;Text;27LL194;;;;;;;
Rotterdam_SIS1;Text;27UA194;;;;;;;
Rotterdam_SIS1;Text;27LT194;;T_27LI194A;Value;;;;
Rotterdam_SIS1;Text;27PA378B;;;;;;;
Rotterdam_SIS1;Text;27PA378A;;;;;;;
Rotterdam_SIS1;Text;27PA378C;;;;;;;
Rotterdam_SIS1;Text;27HS378B;;;;;;;
Rotterdam_SIS1;Text;27HS378A;;;;;;;
Rotterdam_SIS1;Text;27HS378C;;;;;;;
Rotterdam_SIS1;Text;27PH378;;;;;;;
Rotterdam_SIS1;Text;27PA378;;;;;;;
Rotterdam_SIS1;Text;27UA378;;;;;;;
Rotterdam_SIS1;Text;27PT378;;T_27PI378A;Value;;;;
Rotterdam_SIS1;Text;27LA213B;;;;;;;
Rotterdam_SIS1;Text;27LA213A;;;;;;;
Rotterdam_SIS1;Text;27LA213C;;;;;;;
Rotterdam_SIS1;Text;27HS213B;;;;;;;
Rotterdam_SIS1;Text;27HS213A;;;;;;;
Rotterdam_SIS1;Text;27HS213C;;;;;;;
Rotterdam_SIS1;Text;27LA213;;;;;;;
Rotterdam_SIS1;Text;27LL213;;;;;;;
Rotterdam_SIS1;Text;27LT213;;T_27LI213A;Value;;;;
Rotterdam_SIS1;Text;27PA419B;;;;;;;
Rotterdam_SIS1;Text;27PA419A;;;;;;;
Rotterdam_SIS1;Text;27PA419C;;;;;;;
Rotterdam_SIS1;Text;27HS419C;;;;;;;
Rotterdam_SIS1;Text;27PA419;;;;;;;
Rotterdam_SIS1;Text;27PT419;;T_27PI419A;Value;;;;
Rotterdam_SIS1;Text;27UD425;;;;;;;
Rotterdam_SIS1;Text;27HS419A;;;;;;;
Rotterdam_SIS1;Text;27UA213;;;;;;;
Rotterdam_SIS1;Text;27HS419B;;;;;;;
Rotterdam_SIS1;Text;27KI657;;;;;;;
Rotterdam_SIS1;Text;27FA372B;;;;;;;
Rotterdam_SIS1;Text;27FA372A;;;;;;;
Rotterdam_SIS1;Text;27HS372B;;;;;;;
Rotterdam_SIS1;Text;27HS372A;;;;;;;
Rotterdam_SIS1;Text;27FT372;;T_27FI372A;Value;;;;
Rotterdam_SIS1A;Text;27HS137C;;;;;;;
Rotterdam_SIS2;Text;27HA417B1;;;;;;;
Rotterdam_SIS2;Text;27HA417B;;;;;;;
Rotterdam_SIS2;Text;27HA417B2;;;;;;;
Rotterdam_SIS2;Text;27HS417B1;;;;;;;
Rotterdam_SIS2;Text;27HD417A;;;;;;;
Rotterdam_SIS2;Text;27HS417B2;;;;;;;
Rotterdam_SIS2;Text;27HA417A1;;;;;;;
Rotterdam_SIS2;Text;27HA417A;;;;;;;
Rotterdam_SIS2;Text;27HA417A2;;;;;;;
Rotterdam_SIS2;Text;27HS417A1;;;;;;;
Rotterdam_SIS2;Text;27BD430;;;;;;;
Rotterdam_SIS2;Text;27BL426A;;;;;;;
Rotterdam_SIS2;Text;27HS428;;;;;;;
Rotterdam_SIS2;Text;27UD131;;;;;;;
Rotterdam_SIS2;Text;27HS429;;;;;;;
Rotterdam_SIS2;Text;27HD417B;;;;;;;
Rotterdam_SIS2;Text;27HS417A2;;;;;;;
Rotterdam_SIS2;Text;27HS430;;;;;;;
Rotterdam_SIS2;Text;27UX414B;;;;;;;
Rotterdam_SIS2;Text;27UX414C;;;;;;;
Rotterdam_SIS2;Text;27UX414A;;;;;;;
Rotterdam_SIS2;Text;27UX414D;;;;;;;
Rotterdam_SIS2;Text;27UX414E;;;;;;;
Rotterdam_SIS2;Text;27HA463B1;;;;;;;
Rotterdam_SIS2;Text;27HA463B;;;;;;;
Rotterdam_SIS2;Text;27HA463B2;;;;;;;
Rotterdam_SIS2;Text;27HS463B1;;;;;;;
Rotterdam_SIS2;Text;27HD463A;;;;;;;
Rotterdam_SIS2;Text;27HS463B2;;;;;;;
Rotterdam_SIS2;Text;27HA463A1;;;;;;;
Rotterdam_SIS2;Text;27HA463A;;;;;;;
Rotterdam_SIS2;Text;27HA463A2;;;;;;;
Rotterdam_SIS2;Text;27HS463A1;;;;;;;
Rotterdam_SIS2;Text;27HD463B;;;;;;;
Rotterdam_SIS2;Text;27HS463A2;;;;;;;
Rotterdam_SIS2;Text;27UX414G;;;;;;;
Rotterdam_SIS2;Text;27UX414F;;;;;;;
Rotterdam_SIS2;Text;27UX414H;;;;;;;
Rotterdam_SIS2;Text;27UX120B;;;;;;;
Rotterdam_SIS2;Text;27UX120A;;;;;;;
Rotterdam_SIS2;Text;27UX124B;;;;;;;
Rotterdam_SIS2;Text;27UX124C;;;;;;;
Rotterdam_SIS2;Text;27UX124A;;;;;;;
Rotterdam_SIS2;Text;27UX124D;;;;;;;
Rotterdam_SIS2;Text;27UD135;;;;;;;
Rotterdam_SIS2;Text;27UX122B;;;;;;;
Rotterdam_SIS2;Text;27UX122A;;;;;;;
Rotterdam_SIS2;Text;27BD427;;;;;;;
Rotterdam_SIS2;Text;27BD426;;;;;;;
Rotterdam_SIS2;Text;27BD428;;;;;;;
Rotterdam_SIS2;Text;27HS426;;;;;;;
Rotterdam_SIS2;Text;27HD451;;;;;;;
Rotterdam_SIS2;Text;27HS427;;;;;;;
Rotterdam_SIS2;Text;27HA451A1;;;;;;;
Rotterdam_SIS2;Text;27HA451;;;;;;;
Rotterdam_SIS2;Text;27HA451A2;;;;;;;
Rotterdam_SIS2;Text;27HS451A1;;;;;;;
Rotterdam_SIS2;Text;27BD429;;;;;;;
Rotterdam_SIS2;Text;27HS451A2;;;;;;;
Rotterdam_SIS2;Text;27HA223B1;;;;;;;
Rotterdam_SIS2;Text;27HA223B;;;;;;;
Rotterdam_SIS2;Text;27HA223B2;;;;;;;
Rotterdam_SIS2;Text;27HS223B1;;;;;;;
Rotterdam_SIS2;Text;27HD223A;;;;;;;
Rotterdam_SIS2;Text;27HS223B2;;;;;;;
Rotterdam_SIS2;Text;27HA223A1;;;;;;;
Rotterdam_SIS2;Text;27HA223A;;;;;;;
Rotterdam_SIS2;Text;27HA223A2;;;;;;;
Rotterdam_SIS2;Text;27HS223A1;;;;;;;
Rotterdam_SIS2;Text;27HD223B;;;;;;;
Rotterdam_SIS2;Text;27HS223A2;;;;;;;
Rotterdam_SIS2;Text;27HD618;;;;;;;
Rotterdam_SIS2;Text;27HA618A;;;;;;;
Rotterdam_SIS2;Text;27HA618;;;;;;;
Rotterdam_SIS2;Text;27HA618B;;;;;;;
Rotterdam_SIS2;Text;27HS618A;;;;;;;
Rotterdam_SIS2;Text;27HS618B;;;;;;;
Rotterdam_SIS3A;Text;27FL372;;;;;;;
Rotterdam_SIS3A;Text;27FA372;;;;;;;
Rotterdam_SIS3A;Text;27UA372;;;;;;;
Rotterdam_SISBYP;Text;27HS230A;;;;;;;
Rotterdam_SISBYP;Text;27HS230B;;;;;;;
Rotterdam_SISBYP;Text;27HS230C;;;;;;;
Rotterdam_SISBYP;Text;27HS232A;;;;;;;
Rotterdam_SISBYP;Text;27HS232B;;;;;;;
Rotterdam_SISBYP;Text;27HS232C;;;;;;;
Rotterdam_SISBYP;Text;27HS538A;;;;;;;
Rotterdam_SISBYP;Text;27HS538B;;;;;;;
Rotterdam_SISBYP;Text;27HS545A;;;;;;;
Rotterdam_SISBYP;Text;27HS545B;;;;;;;
Rotterdam_SISBYP;Text;27HS545C;;;;;;;
Rotterdam_STR;Text;27HD593;;;;;;;
Rotterdam_STR;Text;27HD594;;;;;;;
Rotterdam_STR;Text;27PL479;;;;;;;
Rotterdam_STR;Text;27PL480;;;;;;;
Rotterdam_VDS;Text;27UA225;;;;;;;
Rotterdam_VDS;Text;27FL577;;;;;;;
Rotterdam_VDS;Text;27HS372;;;;;;;
Rotterdam_VDS;Text;27KI378A;;;;;;;
Rotterdam_VFD;Text;27HD596;;;;;;;
Rotterdam_VFD;Text;27HD595;;;;;;;
Rotterdam_VFD;Text;27HD587;;;;;;;
Rotterdam_VFD;Text;27HD588;;;;;;;
Rotterdam_VFD;Text;27UA339;;;;;;;
Rotterdam_VFD;Text;27XD339;;;;;;;
Rotterdam_AUX2;PumpRight;27MD504;;M_27MD504;SpeedCommand;;;;
Rotterdam_AUX2;PumpRight;27MD503;;M_27MD503;SpeedCommand;;;;
Rotterdam_AUX2;PumpRight;27MD576;;M_27MD576;SpeedCommand;;;;
Rotterdam_AUX2;PumpRight;27MD575;;M_27MD575;SpeedCommand;;;;
Rotterdam_AUX2;PumpRight;27MD546;;M_27MD546;SpeedCommand;;;;
Rotterdam_OVW1;PumpRight;27MD131;;M_27MD131;SpeedCommand;;;;
Rotterdam_OVW1;PumpRight;27MD135;;M_27MD135;SpeedCommand;;;;
Rotterdam_HPS;PumpRight;27MD289;;M_27MD289;SpeedCommand;;;;
Rotterdam_HPS;PumpRight;27MD290;;M_27MD290;SpeedCommand;;;;
Rotterdam_OVW2;PumpRight;27MD398;;M_27MD398;SpeedCommand;;;;
Rotterdam_OVW2;PumpRight;27MD399;;M_27MD399;SpeedCommand;;;;
Rotterdam_OVW3;PumpRight;27MD211;;M_27MD211;SpeedCommand;;;;
Rotterdam_OVW3;PumpRight;27MD212;;M_27MD212;SpeedCommand;;;;
Rotterdam_OVW3;PumpRight;27MD363;;M_27MD363;SpeedCommand;;;;
Rotterdam_OVW3;PumpRight;27MD365;;M_27MD365;SpeedCommand;;;;
Rotterdam_OVW3;PumpRight;27MD384;;M_27MD384;SpeedCommand;;;;
Rotterdam_OVW3;PumpRight;27MD383;;M_27MD383;SpeedCommand;;;;
Rotterdam_RGA;PumpRight;27MD240;;M_27MD240;SpeedCommand;;;;
Rotterdam_RGA;PumpRight;27MD241;;M_27MD241;SpeedCommand;;;;
Rotterdam_RKOD;PumpRight;27MD408;;M_27MD408;SpeedCommand;;;;
Rotterdam_RKOD;PumpRight;27MD409;;M_27MD409;SpeedCommand;;;;
Rotterdam_RKOD;PumpRight;27MD611;;M_27MD611;SpeedCommand;;;;
Rotterdam_AUX2;Valve;27TC543;;A_27TV543;OpeningCommand;;;;
Rotterdam_AUX2;Valve;27TC500;;A_27TV500;OpeningCommand;;;;
Rotterdam_AUX2;Valve;27TC549;;A_27TV549;OpeningCommand;;;;
Rotterdam_CHP;Valve;27LC217;;LV217;Opening;;;;
Rotterdam_CHP;Valve;27HC223;;A_27HV223;OpeningCommand;;;;
Rotterdam_CHP;Valve;27LC213;;LV213;Opening;27LC213;MODE;;
Rotterdam_CMP;Valve;27FC249;;A_27FV249;OpeningCommand;;;;
Rotterdam_CMP;Valve;27PC247A;;A_27PV247A;OpeningCommand;;;;
Rotterdam_CMP;Valve;27PC247B;;A_27PV247B;OpeningCommand;;;;
Rotterdam_CMP;Valve;27LC244;;A_27LV244;OpeningCommand;;;;
Rotterdam_FD;Valve;27LC118A;;A_27LV118A;OpeningCommand;;;;
Rotterdam_FD;Valve;27FC102;;A_27FV102;OpeningCommand;;;;
Rotterdam_FD;Valve;27FC100;;A_27FV100;OpeningCommand;;;;
Rotterdam_FD;Valve;27FC101;;A_27FV101;OpeningCommand;;;;
Rotterdam_FD;Valve;27FC137;;A_27FV137;OpeningCommand;;;;
Rotterdam_FD;Valve;27FC332;;A_27FV332;OpeningCommand;;;;
Rotterdam_FD;Valve;27PC116;;A_27PV116A;OpeningCommand;;;;
Rotterdam_HPS;Valve;27FC288;;A_27FV288;OpeningCommand;;;;
Rotterdam_HPS;Valve;27LC194;27LO194A.OP;A_27LV194A;OpeningCommand;;;;
Rotterdam_HPS;Valve;27LC194;27LO194B.OP;A_27LV194B;OpeningCommand;;;;
Rotterdam_HPS;Valve;27TC180;;A_27TV180;OpeningCommand;;;;
Rotterdam_HTR;Valve;27PC419;;A_27PV419;OpeningCommand;;;;
Rotterdam_OVW1;Valve;27TC434;;A_27TV434;OpeningCommand;;;;
Rotterdam_OVW1;Valve;27FC112;;A_27FV112;OpeningCommand;;;;
Rotterdam_OVW1;Valve;27TC107;;A_27TV107;OpeningCommand;;;;
Rotterdam_OVW1;Valve;27TC432;;A_27TV432;OpeningCommand;;;;
Rotterdam_OVW1;Valve;27FC122;;A_27FV122;OpeningCommand;;;;
Rotterdam_OVW1;Valve;27FC120;;A_27FV120;OpeningCommand;;;;
Rotterdam_OVW2;Valve;27LC232;;A_27LV232;OpeningCommand;;;;
Rotterdam_OVW2;Valve;27FC239;;A_27FV239;OpeningCommand;;;;
Rotterdam_OVW2;Valve;27FC230;;A_27FV230;OpeningCommand;;;;
Rotterdam_OVW2;Valve;27FC394;;A_27FV394;OpeningCommand;;;;
Rotterdam_OVW2;Valve;27FC397;;A_27FV397;OpeningCommand;;;;
Rotterdam_OVW2;Valve;27LC392;;A_27LV392;OpeningCommand;;;;
Rotterdam_OVW3;Valve;27FC297;;A_27FV297;OpeningCommand;;;;
Rotterdam_OVW3;Valve;27LC317;;A_27LV317;OpeningCommand;;;;
Rotterdam_OVW3;Valve;27LC327;;A_27LV327;OpeningCommand;;;;
Rotterdam_OVW3;Valve;27LC315;;A_27LV315;OpeningCommand;;;;
Rotterdam_OVW3;Valve;27PC314;;A_27PV314;OpeningCommand;;;;
Rotterdam_OVW3;Valve;27FC302;;A_27FV302;OpeningCommand;;;;
Rotterdam_OVW3;Valve;27LC307;;A_27LV307;OpeningCommand;;;;
Rotterdam_OVW3;Valve;27FC329;;A_27FV329;OpeningCommand;;;;
Rotterdam_OVW3;Valve;27FC372;;A_27FV372;OpeningCommand;;;;
Rotterdam_OVW3;Valve;27PC351;;A_27PV351;OpeningCommand;;;;
Rotterdam_OVW3;Valve;27TC291;;A_27TV291;OpeningCommand;;;;
Rotterdam_OVW3;Valve;27LC374;;A_27LV374;OpeningCommand;;;;
Rotterdam_OVW3;Valve;27PC378;;A_27PV378;OpeningCommand;;;;
Rotterdam_RKOD;Valve;27PC411;;A_27PV411;OpeningCommand;;;;
Rotterdam_SOGA;Valve;27PC389;;A_27PV389;OpeningCommand;;;;
Rotterdam_OVW1;Valve;27HC223;pida.op;A_27HV223;OpeningCommand;;;;
Rotterdam_OVW1;Valve;27LC213;pida.op;A_27LV213;OpeningCommand;;;;
Rotterdam_OVW1;Valve;27TC434;pida.op;A_27TV434;OpeningCommand;;;;
Rotterdam_OVW1;Valve;27PC419;pida.op;A_27PV419;OpeningCommand;;;;
Rotterdam_OVW1;Valve;27FC137;pida.op;A_27FV137;OpeningCommand;;;;
Rotterdam_OVW1;Valve;27TC180;pida.op;A_27TV180;OpeningCommand;;;;
Rotterdam_OVW1;Valve;27FC100;pida.op;A_27FV100;OpeningCommand;;;;
Rotterdam_OVW1;Valve;27FC102;pida.op;A_27FV102;OpeningCommand;;;;
Rotterdam_OVW1;Valve;27FC112;pida.op;A_27FV112;OpeningCommand;;;;
Rotterdam_OVW1;Valve;27TC107;pida.op;A_27TV107;OpeningCommand;;;;
Rotterdam_OVW1;Valve;27TC432;pida.op;A_27TV432;OpeningCommand;;;;
Rotterdam_OVW1;Valve;27FC122;pida.op;A_27FV122;OpeningCommand;;;;
Rotterdam_OVW1;Valve;27FC120;pida.op;A_27FV120;OpeningCommand;;;;
Rotterdam_OVW1;Valve;27FC101;pida.op;A_27FV101;OpeningCommand;;;;
Rotterdam_OVW1;Valve;27FC332;pida.op;A_27FV332;OpeningCommand;;;;
Rotterdam_OVW1;Valve;27LC217;pida.op;A_27LV217;OpeningCommand;;;;
Rotterdam_OVW1;Valve;27PCV116A;pida.op;A_27PV116A;OpeningCommand;;;;
Rotterdam_OVW1;Valve;27LV194A;pida.op;A_27LV194A;OpeningCommand;;;;
Rotterdam_OVW1;Valve;27PCV116B;pida.op;A_27PV116B;OpeningCommand;;;;
Rotterdam_OVW1;Valve;27LV194B;pida.op;A_27LV194B;OpeningCommand;;;;
Rotterdam_AUX2;DataValve;27TC543;;27TC543;PV;;;;
Rotterdam_AUX2;DataValve;27TC500;;27TC500;PV;;;;
Rotterdam_AUX2;DataValve;27TC549;;27TC549;PV;;;;
Rotterdam_OVW1;DataValve;27TC210;;27TC210;PV;;;;
Rotterdam_OVW1;DataValve;27LC217;;27LC217;PV;;;;
Rotterdam_OVW1;DataValve;27LC213;;27LC213;PV;;;;
Rotterdam_CMP;DataValve;27FC249;;27FC249;PV;;;;
Rotterdam_CMP;DataValve;27PC247B;;27PC247B;PV;;;;
Rotterdam_CMP;DataValve;27PC247A;;27PC247A;PV;;;;
Rotterdam_CMP;DataValve;27LC244;;27LC244;PV;;;;
Rotterdam_OVW1;DataValve;27FC122;;27FC122;PV;;;;
Rotterdam_OVW1;DataValve;27FC120;;27FC120;PV;;;;
Rotterdam_OVW1;DataValve;27FC102;;27FC102;PV;;;;
Rotterdam_OVW1;DataValve;27FC100;;27FC100;PV;;;;
Rotterdam_OVW1;DataValve;27FC101;;27FC101;PV;;;;
Rotterdam_OVW1;DataValve;27LC118A;;27LC118A;PV;;;;
Rotterdam_OVW1;DataValve;27PC116;;27PC116;PV;;;;
Rotterdam_OVW1;DataValve;27TC107;;27TC107;PV;;;;
Rotterdam_OVW1;DataValve;27FC137;;27FC137;PV;;;;
Rotterdam_OVW1;DataValve;27LC118B;;27LC118B;PV;;;;
Rotterdam_OVW1;DataValve;27FC332;;27FC332;PV;;;;
Rotterdam_OVW1;DataValve;27FC288;;27FC288;PV;;;;
Rotterdam_OVW1;DataValve;27TC180;;27TC180;PV;;;;
Rotterdam_OVW1;DataValve;27LC194;;27LC194;PV;;;;
Rotterdam_HTR;DataValve;27PC172;;27PC172;PV;;;;
Rotterdam_OVW1;DataValve;27TC166;;27TC166;PV;;;;
Rotterdam_OVW1;DataValve;27PC419;;27PC419;PV;;;;
Rotterdam_HTR;DataValve;27AC173;;27AC173;PV;;;;
Rotterdam_OVW1;DataValve;27FC112;;27FC112;PV;;;;
Rotterdam_OVW1;DataValve;27TC432;;27TC432;PV;;;;
Rotterdam_OVW1;DataValve;27TC434;;27TC434;PV;;;;
Rotterdam_OVW2;DataValve;27FC397;;27FC397;PV;;;;
Rotterdam_OVW2;DataValve;27LC232;;27LC232;PV;;;;
Rotterdam_OVW2;DataValve;27TC396;;27TC396;PV;;;;
Rotterdam_OVW2;DataValve;27LC392;;27LC392;PV;;;;
Rotterdam_OVW2;DataValve;27PC389;;27PC389;PV;;;;
Rotterdam_OVW2;DataValve;27LC206;;27LC206;PV;;;;
Rotterdam_OVW3;DataValve;27LC374;;27LC374;PV;;;;
Rotterdam_OVW3;DataValve;27TC313;;27TC313;PV;;;;
Rotterdam_OVW3;DataValve;27FC302;;27FC302;PV;;;;
Rotterdam_OVW3;DataValve;27PC314;;27PC314;PV;;;;
Rotterdam_OVW3;DataValve;27RC302;;27RC302;PV;;;;
Rotterdam_OVW3;DataValve;27FC297;;27FC297;PV;;;;
Rotterdam_OVW3;DataValve;27TC296;;27TC296;PV;;;;
Rotterdam_OVW3;DataValve;27TC323;;27TC323;PV;;;;
Rotterdam_OVW3;DataValve;27LC307;;27LC307;PV;;;;
Rotterdam_OVW3;DataValve;27FC329;;27FC329;PV;;;;
Rotterdam_OVW3;DataValve;27TC337;;27TC337;PV;;;;
Rotterdam_OVW3;DataValve;27LC327;;27LC327;PV;;;;
Rotterdam_OVW3;DataValve;27FC372;;27FC372;PV;;;;
Rotterdam_OVW3;DataValve;27PC351;;27PC351;PV;;;;
Rotterdam_OVW3;DataValve;27PC378;;27PC378;PV;;;;
Rotterdam_OVW3;DataValve;27TC291;;27TC291;PV;;;;
Rotterdam_OVW3;DataValve;27LC375;;27LC375;PV;;;;
Rotterdam_OVW3;DataValve;27LC317;;27LC317;PV;;;;
Rotterdam_OVW3;DataValve;27LC315;;27LC315;PV;;;;
Rotterdam_RKOD;DataValve;27PC411;;27PC411;PV;;;;
Rotterdam_OVW1;OnOffValve;27ZD214;;;;;;;
Rotterdam_OVW1;OnOffValve;27ZD218;;;;;;;
Rotterdam_OVW1;OnOffValve;27ZD124;;;;;;;
Rotterdam_OVW1;OnOffValve;27ZD199;;;;;;;
Rotterdam_HTR;OnOffValve;27ZD421;;A_27UV421;Zhl;;;;
Rotterdam_HTR;OnOffValve;27ZD422;;A_27UV422;Zhl;;;;
Rotterdam_HTR;OnOffValve;27ZD415;;A_27UV415;Zhl;;;;
Rotterdam_HTR;OnOffValve;27ZD414;;A_27UV414;Zhl;;;;
Rotterdam_OVW2;OnOffValve;27ZD233;;A_27UV233;Zhl;;;;
Rotterdam_RGA;OnOffValve;27ZD236;;A_27UV236;Zhl;;;;
Rotterdam_CHP;ManualOnOffValve;27ZDC215;;HV215;Opening;;;;
Rotterdam_CHP;ManualOnOffValve;27ZDC219;;HV219;Opening;;;;
Rotterdam_CHP;ManualOnOffValve;27ZDO224;;A_27HV224;OpeningCommand;;;;
Rotterdam_CHP;ManualOnOffValve;27ZDO470;;A_27HV470;OpeningCommand;;;;
Rotterdam_CHP;ManualOnOffValve;27ZDC469;;HV469;Opening;;;;
Rotterdam_CHP;ManualOnOffValve;27ZDO222;;A_27HV222;OpeningCommand;;;;
Rotterdam_FD;ManualOnOffValve;27ZDC125;;A_27HV125;Zhl;;;;
Rotterdam_HPS;ManualOnOffValve;27ZDC200;;A_27HV200;Zhl;;;;
Rotterdam_HPS;ManualOnOffValve;27ZDC262;;A_27HV262;Zhl;;;;
Rotterdam_HTR;ManualOnOffValve;27ZDC424B;;A_27HV424B;Zhl;;;;
Rotterdam_HTR;ManualOnOffValve;27ZDC418B;;A_27HV418B;Zhl;;;;
Rotterdam_HTR;ManualOnOffValve;27ZDC424A;;A_27HV424A;Zhl;;;;
Rotterdam_HTR;ManualOnOffValve;27ZDC418A;;A_27HV418A;Zhl;;;;
Rotterdam_RGA;ManualOnOffValve;27ZDC234;;A_27HV234;Zhl;;;;
Rotterdam_RGA;ManualOnOffValve;27ZDC237;;A_27HV237;Zhl;;;;
Rotterdam_RGA;ManualOnOffValve;27ZDC235;;A_27HV235;Zhl;;;;
Rotterdam_VDS;ManualOnOffValve;27ZDC379;;A_27HV379;Zhl;;;;
Rotterdam_CMP;Motor;27MD256;;M_27MD256;SpeedCommand;;;;
Rotterdam_HPS;Motor;27MD439;;M_27MD439;SpeedCommand;;;;
Rotterdam_HPS;Motor;27MD438;;M_27MD438;SpeedCommand;;;;
Rotterdam_HPS;Motor;27MD204;;M_27MD204;SpeedCommand;;;;
Rotterdam_HPS;Motor;27MD205;;M_27MD205;SpeedCommand;;;;
Rotterdam_STR;Motor;27MD311;;M_27MD311;SpeedCommand;;;;
Rotterdam_STR;Motor;27MD310;;M_27MD310;SpeedCommand;;;;
Rotterdam_VFD;Motor;27MD113;;M_27MD113;SpeedCommand;;;;
Rotterdam_VFD;Motor;27MD114;;M_27MD114;SpeedCommand;;;;
Rotterdam_VFD;Motor;27MD333;;M_27MD333;SpeedCommand;;;;
Rotterdam_VFD;Motor;27MD334;;M_27MD334;SpeedCommand;;;;
Rotterdam_VFD;Motor;27MD335;;M_27MD335;SpeedCommand;;;;
Rotterdam_VFD;Motor;27MD336;;M_27MD336;SpeedCommand;;;;
Rotterdam_OVW1;SmallOnOffValve;27ZDO130;;;;;;;
Rotterdam_OVW1;SmallOnOffValve;27ZDO134;;;;;;;
Rotterdam_FD;ValveVLeft;27TC107;;A_27TV107;OpeningCommand;;;;
Rotterdam_FD;ValveVLeft;27FC122;;A_27FV122;OpeningCommand;;;;
Rotterdam_FD;ValveVLeft;27FC120;;A_27FV120;OpeningCommand;;;;
Rotterdam_FD;ValveVRight;27TC180;;A_27TV180;OpeningCommand;;;;
Rotterdam_OVW1;ValveVRight;27FC288;;A_27FV288;OpeningCommand;;;;
Rotterdam_OVW2;ValveVRight;27LC206;;A_27LV206;OpeningCommand;;;;
Rotterdam_OVW2;ValveVRight;27PC389;;A_27PV389;OpeningCommand;;;;
Rotterdam_OVW1;ValveVRight;27FC288;pida.op;A_27FV288;OpeningCommand;;;;
Rotterdam_HPS;AnalogOutput;27HC210B;;27LC213;PV;27LC213;MODE;;
Rotterdam_HPS;AnalogOutput;27HC210D;;;;;;;
Rotterdam_HPS;AnalogOutput;27HC210C;;;;;;;
Rotterdam_HPS;AnalogOutput;27HC210A;;;;;;;
Rotterdam_HTR;AnalogOutput;27HC170;;27HC170;OV;;;;
Rotterdam_STR;AnalogOutput;27HC313A;;27HC313A;OV;;;;
Rotterdam_STR;AnalogOutput;27HC313B;;27HC313B;OV;;;;
Rotterdam_VFD;AnalogOutput;27HC323A;;27HC323A;OV;;;;
Rotterdam_VFD;AnalogOutput;27HC323B;;27HC323B;OV;;;;
Rotterdam_VFD;AnalogOutput;27HC337A;;27HC337A;OV;;;;
Rotterdam_VFD;AnalogOutput;27HC337B;;27HC337B;OV;;;;
Rotterdam_OVW1;PumpLeft;27MD289;;M_27MD289;SpeedCommand;;;;
Rotterdam_OVW1;PumpLeft;27MD290;;M_27MD290;SpeedCommand;;;;
Rotterdam_OVW2;PumpLeft;27MD240;;M_27MD240;SpeedCommand;;;;
Rotterdam_OVW2;PumpLeft;27MD241;;M_27MD241;SpeedCommand;;;;
Rotterdam_OVW3;PumpLeft;27MD320;;M_27MD320;SpeedCommand;;;;
Rotterdam_OVW3;PumpLeft;27MD321;;M_27MD321;SpeedCommand;;;;
Rotterdam_OVW3;PumpLeft;27MD381;;M_27MD381;SpeedCommand;;;;
Rotterdam_OVW3;PumpLeft;27MD382;;M_27MD382;SpeedCommand;;;;
Rotterdam_OVW2;OnOffValveV;27ZD236;;A_27UV236;Zhl;;;;
Rotterdam_RGA;DataValveBis;27FC239;;27FC239;PV;;;;
Rotterdam_RGA;DataValveBis;27FC249;;27FC249;PV;27FC249;MODE;;
Rotterdam_RGA;DataValveBis;27FC230;;27FC230;PV;27FC230;MODE;;
Rotterdam_RGA;DataValveBis;27PC247B;;27PC247B;PV;27PC247B;MODE;;
Rotterdam_RGA;DataValveBis;27PC247A;;27PC247A;PV;27PC247A;MODE;;
Rotterdam_RGA;DataValveBis;27LC232;;27LC232;PV;27LC232;MODE;;
Rotterdam_RGA;DataValveBis;27LC244;;27LC244;PV;;;;
Rotterdam_RKOD;DataValveBis;27PC406;;27PC406;PV;;;;
Rotterdam_SOGA;DataValveBis;27FC394;;27FC394;PV;27FC394;MODE;;
Rotterdam_SOGA;DataValveBis;27FC397;;27FC397;PV;27FC397;PV;;
Rotterdam_SOGA;DataValveBis;27TC396;;27TC396;PV;27TC396;PV;;
Rotterdam_SOGA;DataValveBis;27LC392;;27LC392;PV;;;;
Rotterdam_SOGA;DataValveBis;27PC389;;27PC389;PV;;;;
Rotterdam_SOGA;DataValveBis;27LC206;;27LC206;PV;;;;
Rotterdam_STR;DataValveBis;27LC307;;27LC307;PV;;;;
Rotterdam_VDS;DataValveBis;27LC375;;27LC375;PV;;;;
Rotterdam_VDS;DataValveBis;27PC378;;27PC378;PV;;;;
Rotterdam_RX;DevBar;27TI431A;;T_27TI431A;State;;;;
Rotterdam_RX;DevBar;27TI431B;;T_27TI431B;State;;;;
Rotterdam_RX;DevBar;27TI431C;;T_27TI431C;State;;;;
Rotterdam_RX;DevBar;27TI431D;;T_27TI431D;State;;;;
Rotterdam_RX;DevBar;27TI431E;;T_27TI431E;State;;;;
Rotterdam_RX;DevBar;27TI432A;;T_27TI432A;State;;;;
Rotterdam_RX;DevBar;27TI432B;;T_27TI432B;State;;;;
Rotterdam_RX;DevBar;27TI432C;;T_27TI432C;State;;;;
Rotterdam_RX;DevBar;27TI432D;;T_27TI432D;State;;;;
Rotterdam_RX;DevBar;27TI432E;;T_27TI432E;State;;;;
Rotterdam_RX;DevBar;27TI433A;;T_27TI433A;State;;;;
Rotterdam_RX;DevBar;27TI433B;;T_27TI433B;State;;;;
Rotterdam_RX;DevBar;27TI433C;;T_27TI433C;State;;;;
Rotterdam_RX;DevBar;27TI433D;;T_27TI433D;State;;;;
Rotterdam_RX;DevBar;27TI433E;;T_27TI433E;State;;;;
Rotterdam_RX;DevBar;27TI434A;;T_27TI434A;State;;;;
Rotterdam_RX;DevBar;27TI434B;;T_27TI434B;State;;;;
Rotterdam_RX;DevBar;27TI434C;;T_27TI434C;State;;;;
Rotterdam_RX;DevBar;27TI434D;;T_27TI434D;State;;;;
Rotterdam_RX;DevBar;27TI434E;;T_27TI434E;State;;;;
Rotterdam_RX;DevBar;27TI435A;;T_27TI435A;State;;;;
Rotterdam_RX;DevBar;27TI435B;;T_27TI435B;State;;;;
Rotterdam_RX;DevBar;27TI435C;;T_27TI435C;State;;;;
Rotterdam_RX;DevBar;27TI435D;;T_27TI435D;State;;;;
Rotterdam_RX;DevBar;27TI435E;;T_27TI435E;State;;;;
Rotterdam_RX;DevBar;27TI436A;;T_27TI436A;State;;;;
Rotterdam_RX;DevBar;27TI436B;;T_27TI436B;State;;;;
Rotterdam_RX;DevBar;27TI436C;;T_27TI436C;State;;;;
Rotterdam_RX;DevBar;27TI436D;;T_27TI436D;State;;;;
Rotterdam_RX;DevBar;27TI436E;;T_27TI436E;State;;;;
